{"cameraMode":{"drawMode":0,"name":"Shaded","section":"Shading Mode"},"sceneLighting":false,"audioPlay":false,"sceneViewState":{"showFog":false,"showMaterialUpdate":false,"showSkybox":false,"showFlares":false,"showImageEffects":false,"showParticleSystems":false},"in2DMode":false,"pivot":{"x":0.0,"y":0.05999007821083069,"z":0.20033615827560426},"rotation":{"x":-0.05076302960515022,"y":0.8231741189956665,"z":-0.0745464339852333,"w":-0.5606095790863037},"size":1.174768328666687,"orthographic":false}