{"cameraMode":{"drawMode":0,"name":"Shaded","section":"Shading Mode"},"sceneLighting":false,"audioPlay":false,"sceneViewState":{"showFog":false,"showMaterialUpdate":false,"showSkybox":false,"showFlares":false,"showImageEffects":false,"showParticleSystems":false},"in2DMode":false,"pivot":{"x":-0.8188833594322205,"y":1.15952467918396,"z":1.6423327922821046},"rotation":{"x":-0.05812384560704231,"y":0.9175458550453186,"z":-0.14601467549800874,"w":-0.36529380083084109},"size":7.6240434646606449,"orthographic":false}