{"cameraMode":{"drawMode":0,"name":"Shaded","section":"Shading Mode"},"sceneLighting":true,"audioPlay":false,"sceneViewState":{"showFog":false,"showMaterialUpdate":false,"showSkybox":false,"showFlares":false,"showImageEffects":false,"showParticleSystems":false},"in2DMode":false,"pivot":{"x":-18.863298416137697,"y":1.9855555295944214,"z":15.738241195678711},"rotation":{"x":-0.1064119040966034,"y":-0.8897255063056946,"z":0.2667730450630188,"w":-0.354875385761261},"size":9.822746276855469,"orthographic":false}